Aaron, Abbott, Abel, Abner, Abraham, Adam, Addison, Adler, Adley, Adrian, Aedan
 , Aiken, Alan, Alastair, Albern, Albert, Albion, Alden, Aldis, Aldrich, Alexander
 , Alfie, Alfred, Algernon, Alston, Alton, Alvin, Ambrose, Amery, Amos, Andrew
 , Angus, Ansel, Anthony, Archer, Archibald, Arlen, Arnold, Arthur, Arvel, Atwater
 , Atwood, Aubrey, Austin, Avery, Axel, Baird, Baldwin, Barclay, Barnaby, Baron
 , Barrett, Barry, Bartholomew, Basil, Benedict, Benjamin, Benton, Bernard, Bert, Bevis
 , Blaine, Blair, Blake, Bond, Boris, Bowen, Braden, Bradley, Brandan, Brent
 , Bret, Brian, Brice, Brigham, Brock, Broderick, Brooke, Bruce, Bruno, Bryant
 , Buck, Bud, Burgess, Burton, Byron, Cadman, Calvert, Caldwell, Caleb, Calvin
 , Carrick, Carl, Carlton, Carney, Carroll, Carter, Carver, Cary, Casey, Casper
 , Cecil, Cedric, Chad, Chalmers, Chandler, Channing, Chapman, Charles, Chatwin, Chester
 , Christian, Christopher, Clarence, Claude, Clayton, Clifford, Clive, Clyde, Coleman, Colin
 , Collier, Conan, Connell, Connor, Conrad, Conroy, Conway, Corwin, Crispin, Crosby
 , Culbert, Culver, Curt, Curtis, Cuthbert, Craig, Cyril
 , Dale, Dalton, Damon, Daniel, Darcy, Darian, Darell, David, Davin, Dean, Declan
 , Delmar, Denley, Dennis, Derek, Dermot, Derwin, Des, Dexter, Dillon, Dion
 , Dirk, Dixon, Dominic, Donald, Dorian, Douglas, Doyle, Drake, Drew, Driscoll
 , Dudley, Duncan, Durwin, Dwayne, Dwight, Dylan, Earl, Eaton, Ebenezer, Edan
 , Edgar, Edric, Edmond, Edward, Edwin, Efrain, Egan, Egbert, Egerton, Egil
 , Elbert, Eldon, Eldwin, Eli, Elias, Eliot, Ellery, Elmer, Elroy, Elton
 , Elvis, Emerson, Emmanuel, Emmett, Emrick, Enoch, Eric, Ernest, Errol, Erskine
 , Erwin, Esmond, Ethan, Ethen, Eugene, Evan, Everett, Ezra, Fabian, Fairfax
 , Falkner, Farley, Farrell, Felix, Fenton, Ferdinand, Fergal, Fergus, Ferris, Finbar
 , Fitzgerald, Fleming, Fletcher, Floyd, Forbes, Forrest, Foster, Fox, Francis, Frank
 , Frasier, Frederick, Freeman

 , Gabriel, Gale, Galvin, Gardner, Garret, Garrick, Garth, Gavin, George, Gerald, Gideon
 , Gifford, Gilbert, Giles, Gilroy, Glenn, Goddard, Godfrey, Godwin, Graham, Grant
 , Grayson, Gregory, Gresham, Griswald, Grover, Guy, Hadden, Hadley, Hadwin, Hal
 , Halbert, Halden, Hale, Hall, Halsey, Hamlin, Hanley, Hardy, Harlan, Harley
 , Harold, Harris, Hartley, Heath, Hector, Henry, Herbert, Herman, Homer, Horace
 , Howard, Hubert, Hugh, Humphrey, Hunter, Ian, Igor, Irvin, Isaac, Isaiah
 , Ivan, Iver, Ives

 ,Jack, Jacob, James, Jarvis, Jason, Jasper, Jed, Jeffrey, Jeremiah, Jerome, Jesse
 , John, Jonathan, Joseph, Joshua, Justin, Kane, Keene, Keegan, Keaton, Keith
 , Kelsey, Kelvin, Kendall, Kendrick, Kenneth, Kent, Kenway, Kenyon, Kerry, Kerwin
 , Kevin, Kiefer, Kilby, Kilian, Kim, Kimball, Kingsley, Kirby, Kirk, Kit
 , Kody, Konrad, Kurt, Kyle, Lambert, Lamont, Lancelot, Landon, Landry, Lane
 , Lars, Laurence, Lee, Leith, Leonard, Leroy, Leslie, Lester, Lincoln, Lionel
 , Lloyd, Logan, Lombard, Louis, Lowell, Lucas, Luther, Lyndon

 , Maddox, Magnus, Malcolm, Melvin, Marcus, Mark, Marlon, Martin, Marvin, Matthew, Maurice
 , Max, Medwin, Melville, Merlin, Michael, Milburn, Miles, Monroe, Montague, Montgomery
 , Morgan, Morris, Morton, Murray, Nathaniel, Neal, Neville, Nicholas, Nigel, Noel
 , Norman, Norris, Olaf, Olin, Oliver, Orson, Oscar, Oswald, Otis, Owen

 , Paul, Paxton, Percival, Perry, Peter, Peyton, Philbert, Philip, Phineas, Pierce, Quade
 , Quenby, Quillan, Quimby, Quentin, Quinby, Quincy, Quinlan, Quinn, Ralph, Ramsey
 , Randolph, Raymond, Reginald, Renfred, Rex, Rhett, Richard, Ridley, Riley, Robert
 , Roderick, Rodney, Roger, Roland, Rolf, Ronald, Rory, Ross, Roswell, Roy
 , Royce, Rufus, Rupert, Russell, Ryan

 , Samson, Samuel, Scott, Sean, Sebastian, Seth, Seymour, Shamus, Shawn, Shelley, Sherard
 , Sheridan, Sherlock, Sherman, Sherwin, Sidney, Sigmund, Silas, Simon, Sinclair, Sloane
 , Solomon, Spencer, Stacy, Stanley, Stephen, Sterling, Stewart, Theobold, Theodore, Thomas
 , Timothy, Titus, Tobias, Toby, Todd, Tony, Travis, Trent, Trevor, Tristan
 , Troy, Truman, Tyler, Udolf, Unwin, Uriah
 , Vance, Vaughan, Vernon, Victor, Vincent, Wallace, Walter, Walton, Ward, Warren, Washington
 , Wayne, Wesley, Wilbur, Willard, William, Willis, Winston, Winthrop, Wyatt, Wylie
 , Wyman, Zachariah, Zachary, Zebadiah, Zane, Zebediah 
 , Antonio,Benito, Bento, Bieito,Bermudo, Vermudo,Diego,Domingo,Egaz,Enrique
 ,Henrique,Esteban,Fernando,Garcia,Garcia,Geraldo,Godinho,Gonzalo,Lope,Marco,Marcus
 ,Nuno,Pedro,Ramiro,Rodrigo,Ruy,Sancho,Velasco,Vasco